Métrica,CPU,Loihi 2,Improvement
Latência (ms),4829.289713659964,100.9,47.86213789553978
Throughput (TPS),0.2070697885801786,9.910802775024777,0.020893341667740022
Potência (mW),65000.0,665.0,97.74436090225564
Energia (mJ),313903.83138789766,0.18702,1678450.6009405288
