Métrica,CPU,Loihi 2,Improvement
Latência (ms),949.486608429961,100.9,9.410174513676521
Throughput (TPS),1.0532007414549702,9.910802775024777,0.1062679548128065
Potência (mW),65000.0,665.0,97.74436090225564
Energia (mJ),61716.629547947465,0.18702,330000.15799351654
