Métrica,CPU,Loihi 2,Improvement
Latência (ms),884.9195512099141,100.9,8.770263143804897
Throughput (TPS),1.1300462269510727,9.910802775024777,0.11402166429936324
Potência (mW),65000.0,665.0,97.74436090225564
Energia (mJ),57519.77082864442,0.18702,307559.46331218275
