Métrica,CPU,Loihi 2,Improvement
Latência (ms),470.2948998901775,100.9,4.660999998911571
Throughput (TPS),2.1263254188670095,9.910802775024777,0.21454623476368126
Potência (mW),65000.0,665.0,97.74436090225564
Energia (mJ),30569.168492861536,0.18702,163454.00755460132
