Métrica,CPU,Loihi 2,Improvement
Latência (ms),2812.0998035301454,100.9,27.870166536473192
Throughput (TPS),0.3556061554944311,9.910802775024777,0.035880661089388095
Potência (mW),65000.0,665.0,97.74436090225564
Energia (mJ),182786.48722945945,0.18702,977363.31531098
