Métrica,CPU,Loihi 2,Improvement
Latência (ms),413.29922387002625,100.9,4.096127094846643
Throughput (TPS),2.419554507352471,9.910802775024777,0.24413304979186431
Potência (mW),65000.0,665.0,97.74436090225564
Energia (mJ),26864.44955155171,0.18702,143644.79495001448
