Métrica,CPU,Loihi 2,Improvement
Latência (ms),432.55181451999306,100.9,4.286935723686749
Throughput (TPS),2.311861761832417,9.910802775024777,0.2332668517688909
Potência (mW),65000.0,665.0,97.74436090225564
Energia (mJ),28115.86794379955,0.18702,150336.15626029062
