Métrica,CPU,Loihi 2,Improvement
Latência (ms),480.5543776700506,100.9,4.762679659762642
Throughput (TPS),2.080929956040483,9.910802775024777,0.20996583256448473
Potência (mW),65000.0,665.0,97.74436090225564
Energia (mJ),31236.03454855329,0.18702,167019.75483131906
