volume,cpu_time_s,loihi_time_s,cpu_energy_mj,loihi_energy_mj,speedup
100,43.255181451999306,10.09,2811586.7943799547,0.18702,4.28693572368675
500,216.2759072599965,50.45,14057933.971899772,0.9350999999999999,4.286935723686749
1000,432.551814519993,100.9,28115867.943799544,1.8701999999999999,4.286935723686749
5000,2162.7590725999653,504.5,140579339.71899775,9.350999999999999,4.28693572368675
10000,4325.518145199931,1009.0,281158679.4379955,18.701999999999998,4.28693572368675
50000,21627.590725999653,5045.0,1405793397.1899774,93.50999999999999,4.28693572368675
