volume,cpu_time_s,loihi_time_s,cpu_energy_mj,loihi_energy_mj,speedup
100,88.4919551209914,10.09,5751977.082864441,0.18702,8.770263143804897
500,442.45977560495703,50.45,28759885.41432221,0.9350999999999999,8.770263143804897
1000,884.9195512099141,100.9,57519770.82864442,1.8701999999999999,8.770263143804897
5000,4424.59775604957,504.5,287598854.1432221,9.350999999999999,8.770263143804897
10000,8849.19551209914,1009.0,575197708.2864442,18.701999999999998,8.770263143804897
50000,44245.9775604957,5045.0,2875988541.432221,93.50999999999999,8.770263143804897
