volume,cpu_time_s,loihi_time_s,cpu_energy_mj,loihi_energy_mj,speedup
100,94.9486608429961,10.09,6171662.954794747,0.18702,9.410174513676521
500,474.7433042149805,50.45,30858314.773973733,0.9350999999999999,9.410174513676521
1000,949.486608429961,100.9,61716629.54794747,1.8701999999999999,9.410174513676521
5000,4747.433042149805,504.5,308583147.73973733,9.350999999999999,9.410174513676521
10000,9494.86608429961,1009.0,617166295.4794747,18.701999999999998,9.410174513676521
50000,47474.33042149805,5045.0,3085831477.397373,93.50999999999999,9.410174513676521
