volume,cpu_time_s,loihi_time_s,cpu_energy_mj,loihi_energy_mj,speedup
100,41.329922387002625,10.09,2686444.9551551705,0.18702,4.096127094846643
500,206.64961193501313,50.45,13432224.775775854,0.9350999999999999,4.096127094846643
1000,413.29922387002625,100.9,26864449.551551707,1.8701999999999999,4.096127094846643
5000,2066.4961193501313,504.5,134322247.75775853,9.350999999999999,4.096127094846643
10000,4132.9922387002625,1009.0,268644495.51551706,18.701999999999998,4.096127094846643
50000,20664.961193501313,5045.0,1343222477.5775852,93.50999999999999,4.096127094846643
