volume,cpu_time_s,loihi_time_s,cpu_energy_mj,loihi_energy_mj,speedup
100,48.05543776700506,10.09,3123603.454855329,0.18702,4.762679659762642
500,240.2771888350253,50.45,15618017.274276644,0.9350999999999999,4.762679659762642
1000,480.5543776700506,100.9,31236034.548553288,1.8701999999999999,4.762679659762642
5000,2402.771888350253,504.5,156180172.74276644,9.350999999999999,4.762679659762642
10000,4805.543776700506,1009.0,312360345.4855329,18.701999999999998,4.762679659762642
50000,24027.718883502526,5045.0,1561801727.4276643,93.50999999999999,4.762679659762641
