Métrica,CPU,Loihi 2,Improvement
Latência (ms),371.39058167005714,100.9,3.680778807433668
Throughput (TPS),2.6925830900267647,9.910802775024777,0.2716816337837005
Potência (mW),65000.0,665.0,97.74436090225564
Energia (mJ),24140.387808553714,0.18702,129079.17767379807
