volume,cpu_time_s,loihi_time_s,cpu_energy_mj,loihi_energy_mj,speedup
100,37.139058167005714,10.09,2414038.7808553716,0.18702,3.6807788074336685
500,185.69529083502857,50.45,12070193.904276857,0.9350999999999999,3.680778807433668
1000,371.39058167005714,100.9,24140387.808553714,1.8701999999999999,3.680778807433668
5000,1856.9529083502855,504.5,120701939.04276855,9.350999999999999,3.680778807433668
10000,3713.905816700571,1009.0,241403878.0855371,18.701999999999998,3.680778807433668
50000,18569.529083502857,5045.0,1207019390.4276857,93.50999999999999,3.6807788074336685
