volume,cpu_time_s,loihi_time_s,cpu_energy_mj,loihi_energy_mj,speedup
100,482.9289713659964,10.09,31390383.138789766,0.18702,47.86213789553978
500,2414.6448568299825,50.45,156951915.69394886,0.9350999999999999,47.86213789553979
1000,4829.289713659965,100.9,313903831.38789773,1.8701999999999999,47.86213789553979
5000,24146.44856829982,504.5,1569519156.9394884,9.350999999999999,47.86213789553978
10000,48292.89713659964,1009.0,3139038313.878977,18.701999999999998,47.86213789553978
50000,241464.4856829982,5045.0,15695191569.394882,93.50999999999999,47.86213789553978
